{
  "holes": [
    {
      "hole_number": 1,
      "par_number": 3,
      "hole_location": "430,45",
      "description": "Welcome to Pebble Beach.",
      "terrain": [
        {
          "name": "tree",
          "location": "200,145",
          "size": "small"
        },
        {
          "name": "tree",
          "location": "67,92",
          "size": "small"
        },
        {
          "name": "lake",
          "location": "490,490",
          "size": "large"
        }
      ]
    },
    {
      "hole_number": 2,
      "par_number": 2,
      "hole_location": "480,430",
      "description": "This hole is a long drive. Get ready to swing!",
      "terrain": [
        {
          "name": "tree",
          "location": "199,133",
          "size": "small"
        },
        {
          "name": "tree",
          "location": "350,150",
          "size": "small"
        },
        {
          "name": "lake",
          "location": "50,480",
          "size": "large"
        }
      ]
    },
    {
      "hole_number": 3,
      "par_number": 3,
      "hole_location": "430,365",
      "description": "Last hole! You're almost there!",
      "terrain": [
        {
          "name": "sand",
          "location": "40,80",
          "size": "medium"
        },
        {
          "name": "tree",
          "location": "450,30",
          "size": "small"
        },
        {
          "name": "lake",
          "location": "280,480",
          "size": "large"
        }
      ]
    }
  ],
  "difficulty": "hard"
}