{
  "holes": [
    {
      "hole_number": 1,
      "par_number": 3,
      "hole_location": "230,45",
      "description": "Welcome to Robert Trent. Enjoy golfing today. The hole has a lake to the southwest.",
      "terrain": [
        {
          "name": "tree",
          "location": "30,470",
          "size": "small"
        },
        {
          "name": "tree",
          "location": "400,400",
          "size": "small"
        },
        {
          "name": "lake",
          "location": "360,30",
          "size": "large"
        }
      ]
    },
    {
      "hole_number": 2,
      "par_number": 4,
      "hole_location": "430,365",
      "description": "This hole is a long drive. Get ready to swing!",
      "terrain": [
        {
          "name": "sand",
          "location": "450,90",
          "size": "medium"
        },
        {
          "name": "tree",
          "location": "10,250",
          "size": "small"
        },
        {
          "name": "lake",
          "location": "60,30",
          "size": "large"
        }
      ]
    }
  ],
  "difficulty": "easy"
}